,Year,College,Branch,Category,Rank
18,2021,BMSIT,CSE,GM,5231
19,2021,BMSIT,CSE,GM,5031
48,2021,BMSIT,CSE,GM,5032
49,2021,BMSIT,CSE,GM,5033
78,2021,BMSIT,CSE,GM,5034
79,2021,BMSIT,CSE,GM,5035
108,2021,BMSIT,CSE,GM,5036
109,2021,BMSIT,CSE,GM,5037
138,2021,BMSIT,CSE,GM,5038
139,2021,BMSIT,CSE,GM,5039
168,2021,BMSIT,CSE,GM,5040
169,2021,BMSIT,CSE,GM,5041
189,2021,BMSIT,CSE,GM,5042
204,2021,BMSIT,CSE,GM,5043
219,2021,BMSIT,CSE,GM,5044
234,2021,BMSIT,CSE,GM,5045
249,2021,BMSIT,CSE,GM,5046
264,2021,BMSIT,CSE,GM,5047
279,2021,BMSIT,CSE,GM,5048
294,2021,BMSIT,CSE,GM,5049
309,2021,BMSIT,CSE,GM,5050
324,2021,BMSIT,CSE,GM,5051
339,2021,BMSIT,CSE,GM,5052
354,2021,BMSIT,CSE,GM,5053
369,2021,BMSIT,CSE,GM,5054
384,2021,BMSIT,CSE,GM,5055
399,2021,BMSIT,CSE,GM,5056
414,2021,BMSIT,CSE,GM,5057
429,2021,BMSIT,CSE,GM,5058
444,2021,BMSIT,CSE,GM,5059
459,2021,BMSIT,CSE,GM,5060
474,2021,BMSIT,CSE,GM,5061
489,2021,MSRIT,CSE,GM,962
504,2021,MSRIT,CSE,GM,762
519,2021,MSRIT,CSE,GM,763
534,2021,MSRIT,CSE,GM,764
549,2021,MSRIT,CSE,GM,765
564,2021,MSRIT,CSE,GM,766
579,2021,MSRIT,CSE,GM,767
594,2021,MSRIT,CSE,GM,768
609,2021,MSRIT,CSE,GM,769
624,2021,MSRIT,CSE,GM,770
639,2021,MSRIT,CSE,GM,771
654,2021,MSRIT,CSE,GM,772
669,2021,MSRIT,CSE,GM,773
684,2021,MSRIT,CSE,GM,774
699,2021,MSRIT,CSE,GM,775
714,2021,MSRIT,CSE,GM,776
729,2021,MSRIT,CSE,GM,777
744,2021,MSRIT,CSE,GM,778
759,2021,MSRIT,CSE,GM,779
774,2021,MSRIT,CSE,GM,780
789,2021,MSRIT,CSE,GM,781
804,2021,MSRIT,CSE,GM,782
819,2021,MSRIT,CSE,GM,783
834,2021,MSRIT,CSE,GM,784
849,2021,MSRIT,CSE,GM,785
864,2021,MSRIT,CSE,GM,786
879,2021,MSRIT,CSE,GM,787
894,2021,MSRIT,CSE,GM,788
24,2021,MSRIT,CSE,GM,789
25,2021,MSRIT,CSE,GM,790
54,2021,MSRIT,CSE,GM,791
55,2021,MSRIT,CSE,GM,792
84,2021,MSRIT,CSE,GM,793
85,2021,MSRIT,CSE,GM,794
114,2021,BMSCE,CSE,GM,925
115,2021,BMSCE,CSE,GM,724
144,2021,BMSCE,CSE,GM,725
145,2021,BMSCE,CSE,GM,726
174,2021,BMSCE,CSE,GM,727
175,2021,BMSCE,CSE,GM,728
192,2021,BMSCE,CSE,GM,729
207,2021,BMSCE,CSE,GM,730
222,2021,BMSCE,CSE,GM,731
237,2021,BMSCE,CSE,GM,732
252,2021,BMSCE,CSE,GM,733
267,2021,BMSCE,CSE,GM,734
282,2021,BMSCE,CSE,GM,735
297,2021,BMSCE,CSE,GM,736
312,2021,BMSCE,CSE,GM,737
327,2021,BMSCE,CSE,GM,738
342,2021,BMSCE,CSE,GM,739
357,2021,BMSCE,CSE,GM,740
372,2021,BMSCE,CSE,GM,741
387,2021,BMSCE,CSE,GM,742
402,2021,BMSCE,CSE,GM,743
417,2021,BMSCE,CSE,GM,744
432,2021,BMSCE,CSE,GM,745
447,2021,BMSCE,CSE,GM,746
462,2021,BMSCE,CSE,GM,747
477,2021,BMSCE,CSE,GM,748
492,2021,BMSCE,CSE,GM,749
507,2021,BMSCE,CSE,GM,750
522,2021,BMSCE,CSE,GM,751
537,2021,BMSCE,CSE,GM,752
552,2021,BMSCE,CSE,GM,753
567,2021,BMSCE,CSE,GM,754
582,2021,BMSCE,CSE,GM,755
597,2021,BMSCE,CSE,GM,756
612,2021,RVCE,CSE,GM,315
627,2021,RVCE,CSE,GM,215
642,2021,RVCE,CSE,GM,216
657,2021,RVCE,CSE,GM,217
672,2021,RVCE,CSE,GM,218
687,2021,RVCE,CSE,GM,219
702,2021,RVCE,CSE,GM,220
717,2021,RVCE,CSE,GM,221
732,2021,RVCE,CSE,GM,222
747,2021,RVCE,CSE,GM,223
762,2021,RVCE,CSE,GM,224
777,2021,RVCE,CSE,GM,225
792,2021,RVCE,CSE,GM,226
807,2021,RVCE,CSE,GM,227
822,2021,RVCE,CSE,GM,228
837,2021,RVCE,CSE,GM,229
852,2021,RVCE,CSE,GM,230
867,2021,RVCE,CSE,GM,231
882,2021,RVCE,CSE,GM,232
897,2021,RVCE,CSE,GM,233
,2021,RVCE,CSE,GM,234
,2021,RVCE,CSE,GM,235
,2021,RVCE,CSE,GM,236
,2021,RVCE,CSE,GM,237
,2021,RVCE,CSE,GM,238
,2021,RVCE,CSE,GM,239
,2021,RVCE,CSE,GM,240
,2021,RVCE,CSE,GM,241
,2021,RVCE,CSE,GM,242
,2021,RVCE,CSE,GM,243
,2021,RVCE,CSE,GM,244
,2021,RVCE,CSE,GM,245
,2021,RVCE,CSE,GM,246
,2021,RVCE,CSE,GM,247
,2021,PES RING ROAD,CSE,GM,763
,2021,PES RING ROAD,CSE,GM,634
,2021,PES RING ROAD,CSE,GM,635
,2021,PES RING ROAD,CSE,GM,636
,2021,PES RING ROAD,CSE,GM,637
,2021,PES RING ROAD,CSE,GM,638
,2021,PES RING ROAD,CSE,GM,639
,2021,PES RING ROAD,CSE,GM,640
,2021,PES RING ROAD,CSE,GM,641
,2021,PES RING ROAD,CSE,GM,642
,2021,PES RING ROAD,CSE,GM,643
,2021,PES RING ROAD,CSE,GM,644
,2021,PES RING ROAD,CSE,GM,645
,2021,PES RING ROAD,CSE,GM,646
,2021,PES RING ROAD,CSE,GM,647
,2021,PES RING ROAD,CSE,GM,648
,2021,PES RING ROAD,CSE,GM,649
,2021,PES RING ROAD,CSE,GM,650
,2021,PES RING ROAD,CSE,GM,651
,2021,PES RING ROAD,CSE,GM,652
,2021,PES RING ROAD,CSE,GM,653
,2021,PES RING ROAD,CSE,GM,654
,2021,PES RING ROAD,CSE,GM,655
,2021,PES RING ROAD,CSE,GM,656
,2021,PES RING ROAD,CSE,GM,657
,2021,PES RING ROAD,CSE,GM,658
,2021,PES RING ROAD,CSE,GM,659
,2021,PES RING ROAD,CSE,GM,660
,2021,PES RING ROAD,CSE,GM,661
,2021,PES RING ROAD,CSE,GM,662
,2021,PES RING ROAD,CSE,GM,663
,2021,PES RING ROAD,CSE,GM,664
,2021,PES RING ROAD,CSE,GM,665
,2021,PES RING ROAD,CSE,GM,666
,2021,DSCE,CSE,GM,3670
,2021,DSCE,CSE,GM,3475
,2021,DSCE,CSE,GM,3476
,2021,DSCE,CSE,GM,3477
,2021,DSCE,CSE,GM,3478
,2021,DSCE,CSE,GM,3479
,2021,DSCE,CSE,GM,3480
,2021,DSCE,CSE,GM,3481
,2021,DSCE,CSE,GM,3482
,2021,DSCE,CSE,GM,3483
,2021,DSCE,CSE,GM,3484
,2021,DSCE,CSE,GM,3485
,2021,DSCE,CSE,GM,3486
,2021,DSCE,CSE,GM,3487
,2021,DSCE,CSE,GM,3488
,2021,DSCE,CSE,GM,3489
,2021,DSCE,CSE,GM,3490
,2021,DSCE,CSE,GM,3491
,2021,DSCE,CSE,GM,3492
,2021,DSCE,CSE,GM,3493
,2021,DSCE,CSE,GM,3494
,2021,DSCE,CSE,GM,3495
,2021,DSCE,CSE,GM,3496
,2021,DSCE,CSE,GM,3497
,2021,DSCE,CSE,GM,3498
,2021,DSCE,CSE,GM,3499
,2021,DSCE,CSE,GM,3500
,2021,DSCE,CSE,GM,3501
,2021,DSCE,CSE,GM,3502
,2021,DSCE,CSE,GM,3503
,2021,DSCE,CSE,GM,3504
,2021,DSCE,CSE,GM,3505
,2021,DSCE,CSE,GM,3506
,2021,DSCE,CSE,GM,3507
,2021,BIT,CSE,GM,4482
,2021,BIT,CSE,GM,4256
,2021,BIT,CSE,GM,4257
,2021,BIT,CSE,GM,4258
,2021,BIT,CSE,GM,4259
,2021,BIT,CSE,GM,4260
,2021,BIT,CSE,GM,4261
,2021,BIT,CSE,GM,4262
,2021,BIT,CSE,GM,4263
,2021,BIT,CSE,GM,4264
,2021,BIT,CSE,GM,4265
,2021,BIT,CSE,GM,4266
,2021,BIT,CSE,GM,4267
,2021,BIT,CSE,GM,4268
,2021,BIT,CSE,GM,4269
,2021,BIT,CSE,GM,4270
,2021,BIT,CSE,GM,4271
,2021,BIT,CSE,GM,4272
,2021,BIT,CSE,GM,4273
,2021,BIT,CSE,GM,4274
,2021,BIT,CSE,GM,4275
,2021,BIT,CSE,GM,4276
,2021,BIT,CSE,GM,4277
,2021,BIT,CSE,GM,4278
,2021,BIT,CSE,GM,4279
,2021,BIT,CSE,GM,4280
,2021,BIT,CSE,GM,4281
,2021,BIT,CSE,GM,4282
,2021,BIT,CSE,GM,4283
,2021,BIT,CSE,GM,4284
,2021,BIT,CSE,GM,4285
,2021,BIT,CSE,GM,4286
,2021,BIT,CSE,GM,4287
,2021,BIT,CSE,GM,4288
,2021,JSSCE,CSE,GM,2984
,2021,JSSCE,CSE,GM,2745
,2021,JSSCE,CSE,GM,2746
,2021,JSSCE,CSE,GM,2747
,2021,JSSCE,CSE,GM,2748
,2021,JSSCE,CSE,GM,2749
,2021,JSSCE,CSE,GM,2750
,2021,JSSCE,CSE,GM,2751
,2021,JSSCE,CSE,GM,2752
,2021,JSSCE,CSE,GM,2753
,2021,JSSCE,CSE,GM,2754
,2021,JSSCE,CSE,GM,2755
,2021,JSSCE,CSE,GM,2756
,2021,JSSCE,CSE,GM,2757
,2021,JSSCE,CSE,GM,2758
,2021,JSSCE,CSE,GM,2759
,2021,JSSCE,CSE,GM,2760
,2021,JSSCE,CSE,GM,2761
,2021,JSSCE,CSE,GM,2762
,2021,JSSCE,CSE,GM,2763
,2021,JSSCE,CSE,GM,2764
,2021,JSSCE,CSE,GM,2765
,2021,JSSCE,CSE,GM,2766
,2021,JSSCE,CSE,GM,2767
,2021,JSSCE,CSE,GM,2768
,2021,JSSCE,CSE,GM,2769
,2021,JSSCE,CSE,GM,2770
,2021,JSSCE,CSE,GM,2771
,2021,JSSCE,CSE,GM,2772
,2021,JSSCE,CSE,GM,2773
,2021,JSSCE,CSE,GM,2774
,2021,JSSCE,CSE,GM,2775
,2021,JSSCE,CSE,GM,2776
,2021,JSSCE,CSE,GM,2777
,2021,PES ELECTRONIC CITY,CSE,GM,3055
,2021,PES ELECTRONIC CITY,CSE,GM,2990
,2021,PES ELECTRONIC CITY,CSE,GM,2991
,2021,PES ELECTRONIC CITY,CSE,GM,2992
,2021,PES ELECTRONIC CITY,CSE,GM,2993
,2021,PES ELECTRONIC CITY,CSE,GM,2994
,2021,PES ELECTRONIC CITY,CSE,GM,2995
,2021,PES ELECTRONIC CITY,CSE,GM,2996
,2021,PES ELECTRONIC CITY,CSE,GM,2997
,2021,PES ELECTRONIC CITY,CSE,GM,2998
,2021,PES ELECTRONIC CITY,CSE,GM,2999
,2021,PES ELECTRONIC CITY,CSE,GM,3000
,2021,PES ELECTRONIC CITY,CSE,GM,3001
,2021,PES ELECTRONIC CITY,CSE,GM,3002
,2021,PES ELECTRONIC CITY,CSE,GM,3003
,2021,PES ELECTRONIC CITY,CSE,GM,3004
,2021,PES ELECTRONIC CITY,CSE,GM,3005
,2021,PES ELECTRONIC CITY,CSE,GM,3006
,2021,PES ELECTRONIC CITY,CSE,GM,3007
,2021,PES ELECTRONIC CITY,CSE,GM,3008
,2021,PES ELECTRONIC CITY,CSE,GM,3009
,2021,PES ELECTRONIC CITY,CSE,GM,3010
,2021,PES ELECTRONIC CITY,CSE,GM,3011
,2021,PES ELECTRONIC CITY,CSE,GM,3012
,2021,PES ELECTRONIC CITY,CSE,GM,3013
,2021,PES ELECTRONIC CITY,CSE,GM,3014
,2021,PES ELECTRONIC CITY,CSE,GM,3015
,2021,PES ELECTRONIC CITY,CSE,GM,3016
,2021,PES ELECTRONIC CITY,CSE,GM,3017
,2021,PES ELECTRONIC CITY,CSE,GM,3018
,2021,PES ELECTRONIC CITY,CSE,GM,3019
,2021,PES ELECTRONIC CITY,CSE,GM,3020
,2021,PES ELECTRONIC CITY,CSE,GM,3021
,2021,PES ELECTRONIC CITY,CSE,GM,3022
,2021,NIE,CSE,GM,4186
,2021,NIE,CSE,GM,3986
,2021,NIE,CSE,GM,3987
,2021,NIE,CSE,GM,3988
,2021,NIE,CSE,GM,3989
,2021,NIE,CSE,GM,3990
,2021,NIE,CSE,GM,3991
,2021,NIE,CSE,GM,3992
,2021,NIE,CSE,GM,3993
,2021,NIE,CSE,GM,3994
,2021,NIE,CSE,GM,3995
,2021,NIE,CSE,GM,3996
,2021,NIE,CSE,GM,3997
,2021,NIE,CSE,GM,3998
,2021,NIE,CSE,GM,3999
,2021,NIE,CSE,GM,4000
,2021,NIE,CSE,GM,4001
,2021,NIE,CSE,GM,4002
,2021,NIE,CSE,GM,4003
,2021,NIE,CSE,GM,4004
,2021,NIE,CSE,GM,4005
,2021,NIE,CSE,GM,4006
,2021,NIE,CSE,GM,4007
,2021,NIE,CSE,GM,4008
,2021,NIE,CSE,GM,4009
,2021,NIE,CSE,GM,4010
,2021,NIE,CSE,GM,4011
,2021,NIE,CSE,GM,4012
,2021,NIE,CSE,GM,4013
,2021,NIE,CSE,GM,4014
,2021,NIE,CSE,GM,4015
,2021,NIE,CSE,GM,4016
,2021,NIE,CSE,GM,4017
,2021,NIE,CSE,GM,4018
,2021,MSRUAS,CSE,GM,14367
,2021,MSRUAS,CSE,GM,14165
,2021,MSRUAS,CSE,GM,14166
,2021,MSRUAS,CSE,GM,14167
,2021,MSRUAS,CSE,GM,14168
,2021,MSRUAS,CSE,GM,14169
,2021,MSRUAS,CSE,GM,14170
,2021,MSRUAS,CSE,GM,14171
,2021,MSRUAS,CSE,GM,14172
,2021,MSRUAS,CSE,GM,14173
,2021,MSRUAS,CSE,GM,14174
,2021,MSRUAS,CSE,GM,14175
,2021,MSRUAS,CSE,GM,14176
,2021,MSRUAS,CSE,GM,14177
,2021,MSRUAS,CSE,GM,14178
,2021,MSRUAS,CSE,GM,14179
,2021,MSRUAS,CSE,GM,14180
,2021,MSRUAS,CSE,GM,14181
,2021,MSRUAS,CSE,GM,14182
,2021,MSRUAS,CSE,GM,14183
,2021,MSRUAS,CSE,GM,14184
,2021,MSRUAS,CSE,GM,14185
,2021,MSRUAS,CSE,GM,14186
,2021,MSRUAS,CSE,GM,14187
,2021,MSRUAS,CSE,GM,14188
,2021,MSRUAS,CSE,GM,14189
,2021,MSRUAS,CSE,GM,14190
,2021,MSRUAS,CSE,GM,14191
,2021,MSRUAS,CSE,GM,14192
,2021,MSRUAS,CSE,GM,14193
,2021,MSRUAS,CSE,GM,14194
,2021,MSRUAS,CSE,GM,14195
,2021,MSRUAS,CSE,GM,14196
,2021,MSRUAS,CSE,GM,14197
,2021,DSAT KANAKAPURA,CSE,GM,15297
,2021,DSAT KANAKAPURA,CSE,GM,15097
,2021,DSAT KANAKAPURA,CSE,GM,15098
,2021,DSAT KANAKAPURA,CSE,GM,15099
,2021,DSAT KANAKAPURA,CSE,GM,15100
,2021,DSAT KANAKAPURA,CSE,GM,15101
,2021,DSAT KANAKAPURA,CSE,GM,15102
,2021,DSAT KANAKAPURA,CSE,GM,15103
,2021,DSAT KANAKAPURA,CSE,GM,15104
,2021,DSAT KANAKAPURA,CSE,GM,15105
,2021,DSAT KANAKAPURA,CSE,GM,15106
,2021,DSAT KANAKAPURA,CSE,GM,15107
,2021,DSAT KANAKAPURA,CSE,GM,15108
,2021,DSAT KANAKAPURA,CSE,GM,15109
,2021,DSAT KANAKAPURA,CSE,GM,15110
,2021,DSAT KANAKAPURA,CSE,GM,15111
,2021,DSAT KANAKAPURA,CSE,GM,15112
,2021,DSAT KANAKAPURA,CSE,GM,15113
,2021,DSAT KANAKAPURA,CSE,GM,15114
,2021,DSAT KANAKAPURA,CSE,GM,15115
,2021,DSAT KANAKAPURA,CSE,GM,15116
,2021,DSAT KANAKAPURA,CSE,GM,15117
,2021,DSAT KANAKAPURA,CSE,GM,15118
,2021,DSAT KANAKAPURA,CSE,GM,15119
,2021,DSAT KANAKAPURA,CSE,GM,15120
,2021,DSAT KANAKAPURA,CSE,GM,15121
,2021,DSAT KANAKAPURA,CSE,GM,15122
,2021,DSAT KANAKAPURA,CSE,GM,15123
,2021,DSAT KANAKAPURA,CSE,GM,15124
,2021,DSAT KANAKAPURA,CSE,GM,15125
,2021,DSAT KANAKAPURA,CSE,GM,15126
,2021,DSAT KANAKAPURA,CSE,GM,15127
,2021,DSAT KANAKAPURA,CSE,GM,15128
,2021,DSAT KANAKAPURA,CSE,GM,15129
,2021,RVIT,CSE,GM,7825
,2021,RVIT,CSE,GM,7625
,2021,RVIT,CSE,GM,7626
,2021,RVIT,CSE,GM,7627
,2021,RVIT,CSE,GM,7628
,2021,RVIT,CSE,GM,7629
,2021,RVIT,CSE,GM,7630
,2021,RVIT,CSE,GM,7631
,2021,RVIT,CSE,GM,7632
,2021,RVIT,CSE,GM,7633
,2021,RVIT,CSE,GM,7634
,2021,RVIT,CSE,GM,7635
,2021,RVIT,CSE,GM,7636
,2021,RVIT,CSE,GM,7637
,2021,RVIT,CSE,GM,7638
,2021,RVIT,CSE,GM,7639
,2021,RVIT,CSE,GM,7640
,2021,RVIT,CSE,GM,7641
,2021,RVIT,CSE,GM,7642
,2021,RVIT,CSE,GM,7643
,2021,RVIT,CSE,GM,7644
,2021,RVIT,CSE,GM,7645
,2021,RVIT,CSE,GM,7646
,2021,RVIT,CSE,GM,7647
,2021,RVIT,CSE,GM,7648
,2021,RVIT,CSE,GM,7649
,2021,RVIT,CSE,GM,7650
,2021,RVIT,CSE,GM,7651
,2021,RVIT,CSE,GM,7652
,2021,RVIT,CSE,GM,7653
,2021,RVIT,CSE,GM,7654
,2021,RVIT,CSE,GM,7655
,2021,RVIT,CSE,GM,7656
,2021,RVIT,CSE,GM,7657
,2021,AIT,CSE,GM,17906
,2021,AIT,CSE,GM,17703
,2021,AIT,CSE,GM,17704
,2021,AIT,CSE,GM,17705
,2021,AIT,CSE,GM,17706
,2021,AIT,CSE,GM,17707
,2021,AIT,CSE,GM,17708
,2021,AIT,CSE,GM,17709
,2021,AIT,CSE,GM,17710
,2021,AIT,CSE,GM,17711
,2021,AIT,CSE,GM,17712
,2021,AIT,CSE,GM,17713
,2021,AIT,CSE,GM,17714
,2021,AIT,CSE,GM,17715
,2021,AIT,CSE,GM,17716
,2021,AIT,CSE,GM,17717
,2021,AIT,CSE,GM,17718
,2021,AIT,CSE,GM,17719
,2021,AIT,CSE,GM,17720
,2021,AIT,CSE,GM,17721
,2021,AIT,CSE,GM,17722
,2021,AIT,CSE,GM,17723
,2021,AIT,CSE,GM,17724
,2021,AIT,CSE,GM,17725
,2021,AIT,CSE,GM,17726
,2021,AIT,CSE,GM,17727
,2021,AIT,CSE,GM,17728
,2021,AIT,CSE,GM,17729
,2021,AIT,CSE,GM,17730
,2021,AIT,CSE,GM,17731
,2021,AIT,CSE,GM,17732
,2021,AIT,CSE,GM,17733
,2021,AIT,CSE,GM,17734
,2021,AIT,CSE,GM,17735
,2021,RNSIT,CSE,GM,7886
,2021,RNSIT,CSE,GM,7586
,2021,RNSIT,CSE,GM,7587
,2021,RNSIT,CSE,GM,7588
,2021,RNSIT,CSE,GM,7589
,2021,RNSIT,CSE,GM,7590
,2021,RNSIT,CSE,GM,7591
,2021,RNSIT,CSE,GM,7592
,2021,RNSIT,CSE,GM,7593
,2021,RNSIT,CSE,GM,7594
,2021,RNSIT,CSE,GM,7595
,2021,RNSIT,CSE,GM,7596
,2021,RNSIT,CSE,GM,7597
,2021,RNSIT,CSE,GM,7598
,2021,RNSIT,CSE,GM,7599
,2021,RNSIT,CSE,GM,7600
,2021,RNSIT,CSE,GM,7601
,2021,RNSIT,CSE,GM,7602
,2021,RNSIT,CSE,GM,7603
,2021,RNSIT,CSE,GM,7604
,2021,RNSIT,CSE,GM,7605
,2021,RNSIT,CSE,GM,7606
,2021,RNSIT,CSE,GM,7607
,2021,RNSIT,CSE,GM,7608
,2021,RNSIT,CSE,GM,7609
,2021,RNSIT,CSE,GM,7610
,2021,RNSIT,CSE,GM,7611
,2021,RNSIT,CSE,GM,7612
,2021,RNSIT,CSE,GM,7613
,2021,RNSIT,CSE,GM,7614
,2021,RNSIT,CSE,GM,7615
,2021,RNSIT,CSE,GM,7616
,2021,RNSIT,CSE,GM,7617
,2021,RNSIT,CSE,GM,7618
,2021,REVA,CSE,GM,14101
,2021,REVA,CSE,GM,13984
,2021,REVA,CSE,GM,13985
,2021,REVA,CSE,GM,13986
,2021,REVA,CSE,GM,13987
,2021,REVA,CSE,GM,13988
,2021,REVA,CSE,GM,13989
,2021,REVA,CSE,GM,13990
,2021,REVA,CSE,GM,13991
,2021,REVA,CSE,GM,13992
,2021,REVA,CSE,GM,13993
,2021,REVA,CSE,GM,13994
,2021,REVA,CSE,GM,13995
,2021,REVA,CSE,GM,13996
,2021,REVA,CSE,GM,13997
,2021,REVA,CSE,GM,13998
,2021,REVA,CSE,GM,13999
,2021,REVA,CSE,GM,14000
,2021,REVA,CSE,GM,14001
,2021,REVA,CSE,GM,14002
,2021,REVA,CSE,GM,14003
,2021,REVA,CSE,GM,14004
,2021,REVA,CSE,GM,14005
,2021,REVA,CSE,GM,14006
,2021,REVA,CSE,GM,14007
,2021,REVA,CSE,GM,14008
,2021,REVA,CSE,GM,14009
,2021,REVA,CSE,GM,14010
,2021,REVA,CSE,GM,14011
,2021,REVA,CSE,GM,14012
,2021,REVA,CSE,GM,14013
,2021,REVA,CSE,GM,14014
,2021,REVA,CSE,GM,14015
,2021,REVA,CSE,GM,14016
,2021,OXFORD,CSE,GM,29826
,2021,OXFORD,CSE,GM,29568
,2021,OXFORD,CSE,GM,29569
,2021,OXFORD,CSE,GM,29570
,2021,OXFORD,CSE,GM,29571
,2021,OXFORD,CSE,GM,29572
,2021,OXFORD,CSE,GM,29573
,2021,OXFORD,CSE,GM,29574
,2021,OXFORD,CSE,GM,29575
,2021,OXFORD,CSE,GM,29576
,2021,OXFORD,CSE,GM,29577
,2021,OXFORD,CSE,GM,29578
,2021,OXFORD,CSE,GM,29579
,2021,OXFORD,CSE,GM,29580
,2021,OXFORD,CSE,GM,29581
,2021,OXFORD,CSE,GM,29582
,2021,OXFORD,CSE,GM,29583
,2021,OXFORD,CSE,GM,29584
,2021,OXFORD,CSE,GM,29585
,2021,OXFORD,CSE,GM,29586
,2021,OXFORD,CSE,GM,29587
,2021,OXFORD,CSE,GM,29588
,2021,OXFORD,CSE,GM,29589
,2021,OXFORD,CSE,GM,29590
,2021,OXFORD,CSE,GM,29591
,2021,OXFORD,CSE,GM,29592
,2021,OXFORD,CSE,GM,29593
,2021,OXFORD,CSE,GM,29594
,2021,OXFORD,CSE,GM,29595
,2021,OXFORD,CSE,GM,29596
,2021,OXFORD,CSE,GM,29597
,2021,OXFORD,CSE,GM,29598
,2021,OXFORD,CSE,GM,29599
,2021,OXFORD,CSE,GM,29600
,2021,DSU HOSUR,CSE,GM,22157
,2021,DSU HOSUR,CSE,GM,22158
,2021,DSU HOSUR,CSE,GM,22159
,2021,DSU HOSUR,CSE,GM,22160
,2021,DSU HOSUR,CSE,GM,22161
,2021,DSU HOSUR,CSE,GM,22162
,2021,DSU HOSUR,CSE,GM,22163
,2021,DSU HOSUR,CSE,GM,22164
,2021,DSU HOSUR,CSE,GM,22165
,2021,DSU HOSUR,CSE,GM,22166
,2021,DSU HOSUR,CSE,GM,22167
,2021,DSU HOSUR,CSE,GM,22168
,2021,DSU HOSUR,CSE,GM,22169
,2021,DSU HOSUR,CSE,GM,22170
,2021,DSU HOSUR,CSE,GM,22171
,2021,DSU HOSUR,CSE,GM,22172
,2021,DSU HOSUR,CSE,GM,22173
,2021,DSU HOSUR,CSE,GM,22174
,2021,DSU HOSUR,CSE,GM,22175
,2021,DSU HOSUR,CSE,GM,22176
,2021,DSU HOSUR,CSE,GM,22177
,2021,DSU HOSUR,CSE,GM,22178
,2021,DSU HOSUR,CSE,GM,22179
,2021,DSU HOSUR,CSE,GM,22180
,2021,DSU HOSUR,CSE,GM,22181
,2021,DSU HOSUR,CSE,GM,22182
,2021,DSU HOSUR,CSE,GM,22183
,2021,DSU HOSUR,CSE,GM,22184
,2021,DSU HOSUR,CSE,GM,22185
,2021,DSU HOSUR,CSE,GM,22186
,2021,DSU HOSUR,CSE,GM,22187
,2021,DSU HOSUR,CSE,GM,22188
,2021,DSU HOSUR,CSE,GM,22630
,2021,DSU HOSUR,CSE,GM,22156
,2021,MCE,CSE,GM,16043
,2021,MCE,CSE,GM,15895
,2021,MCE,CSE,GM,15896
,2021,MCE,CSE,GM,15897
,2021,MCE,CSE,GM,15898
,2021,MCE,CSE,GM,15899
,2021,MCE,CSE,GM,15900
,2021,MCE,CSE,GM,15901
,2021,MCE,CSE,GM,15902
,2021,MCE,CSE,GM,15903
,2021,MCE,CSE,GM,15904
,2021,MCE,CSE,GM,15905
,2021,MCE,CSE,GM,15906
,2021,MCE,CSE,GM,15907
,2021,MCE,CSE,GM,15908
,2021,MCE,CSE,GM,15909
,2021,MCE,CSE,GM,15910
,2021,MCE,CSE,GM,15911
,2021,MCE,CSE,GM,15912
,2021,MCE,CSE,GM,15913
,2021,MCE,CSE,GM,15914
,2021,MCE,CSE,GM,15915
,2021,MCE,CSE,GM,15916
,2021,MCE,CSE,GM,15917
,2021,MCE,CSE,GM,15918
,2021,MCE,CSE,GM,15919
,2021,MCE,CSE,GM,15920
,2021,MCE,CSE,GM,15921
,2021,MCE,CSE,GM,15922
,2021,MCE,CSE,GM,15923
,2021,MCE,CSE,GM,15924
,2021,MCE,CSE,GM,15925
,2021,MCE,CSE,GM,15926
,2021,MCE,CSE,GM,15927
,2021,NMIT,CSE,GM,7884
,2021,NMIT,CSE,GM,7686
,2021,NMIT,CSE,GM,7687
,2021,NMIT,CSE,GM,7688
,2021,NMIT,CSE,GM,7689
,2021,NMIT,CSE,GM,7690
,2021,NMIT,CSE,GM,7691
,2021,NMIT,CSE,GM,7692
,2021,NMIT,CSE,GM,7693
,2021,NMIT,CSE,GM,7694
,2021,NMIT,CSE,GM,7695
,2021,NMIT,CSE,GM,7696
,2021,NMIT,CSE,GM,7697
,2021,NMIT,CSE,GM,7698
,2021,NMIT,CSE,GM,7699
,2021,NMIT,CSE,GM,7700
,2021,NMIT,CSE,GM,7701
,2021,NMIT,CSE,GM,7702
,2021,NMIT,CSE,GM,7703
,2021,NMIT,CSE,GM,7704
,2021,NMIT,CSE,GM,7705
,2021,NMIT,CSE,GM,7706
,2021,NMIT,CSE,GM,7707
,2021,NMIT,CSE,GM,7708
,2021,NMIT,CSE,GM,7709
,2021,NMIT,CSE,GM,7710
,2021,NMIT,CSE,GM,7711
,2021,NMIT,CSE,GM,7712
,2021,NMIT,CSE,GM,7713
,2021,NMIT,CSE,GM,7714
,2021,NMIT,CSE,GM,7715
,2021,NMIT,CSE,GM,7716
,2021,NMIT,CSE,GM,7717
,2021,NMIT,CSE,GM,7685
,2021,SMVIT,CSE,GM,8689
,2021,SMVIT,CSE,GM,8469
,2021,SMVIT,CSE,GM,8470
,2021,SMVIT,CSE,GM,8471
,2021,SMVIT,CSE,GM,8472
,2021,SMVIT,CSE,GM,8473
,2021,SMVIT,CSE,GM,8474
,2021,SMVIT,CSE,GM,8475
,2021,SMVIT,CSE,GM,8476
,2021,SMVIT,CSE,GM,8477
,2021,SMVIT,CSE,GM,8478
,2021,SMVIT,CSE,GM,8479
,2021,SMVIT,CSE,GM,8480
,2021,SMVIT,CSE,GM,8481
,2021,SMVIT,CSE,GM,8482
,2021,SMVIT,CSE,GM,8483
,2021,SMVIT,CSE,GM,8484
,2021,SMVIT,CSE,GM,8485
,2021,SMVIT,CSE,GM,8486
,2021,SMVIT,CSE,GM,8487
,2021,SMVIT,CSE,GM,8488
,2021,SMVIT,CSE,GM,8489
,2021,SMVIT,CSE,GM,8490
,2021,SMVIT,CSE,GM,8491
,2021,SMVIT,CSE,GM,8492
,2021,SMVIT,CSE,GM,8493
,2021,SMVIT,CSE,GM,8494
,2021,SMVIT,CSE,GM,8495
,2021,SMVIT,CSE,GM,8496
,2021,SMVIT,CSE,GM,8497
,2021,SMVIT,CSE,GM,8498
,2021,SMVIT,CSE,GM,8499
,2021,SMVIT,CSE,GM,8500
,2021,SMVIT,CSE,GM,8468
,2021,CMRIT,CSE,GM,11375
,2021,CMRIT,CSE,GM,11157
,2021,CMRIT,CSE,GM,11158
,2021,CMRIT,CSE,GM,11159
,2021,CMRIT,CSE,GM,11160
,2021,CMRIT,CSE,GM,11161
,2021,CMRIT,CSE,GM,11162
,2021,CMRIT,CSE,GM,11163
,2021,CMRIT,CSE,GM,11164
,2021,CMRIT,CSE,GM,11165
,2021,CMRIT,CSE,GM,11166
,2021,CMRIT,CSE,GM,11167
,2021,CMRIT,CSE,GM,11168
,2021,CMRIT,CSE,GM,11169
,2021,CMRIT,CSE,GM,11170
,2021,CMRIT,CSE,GM,11171
,2021,CMRIT,CSE,GM,11172
,2021,CMRIT,CSE,GM,11173
,2021,CMRIT,CSE,GM,11174
,2021,CMRIT,CSE,GM,11175
,2021,CMRIT,CSE,GM,11176
,2021,CMRIT,CSE,GM,11177
,2021,CMRIT,CSE,GM,11178
,2021,CMRIT,CSE,GM,11179
,2021,CMRIT,CSE,GM,11180
,2021,CMRIT,CSE,GM,11181
,2021,CMRIT,CSE,GM,11182
,2021,CMRIT,CSE,GM,11183
,2021,CMRIT,CSE,GM,11184
,2021,CMRIT,CSE,GM,11185
,2021,CMRIT,CSE,GM,11186
,2021,CMRIT,CSE,GM,11187
,2021,CMRIT,CSE,GM,11188
,2021,CMRIT,CSE,GM,11156
,2021,PRESIDENCY,CSE,GM,33835
,2021,PRESIDENCY,CSE,GM,33590
,2021,PRESIDENCY,CSE,GM,33591
,2021,PRESIDENCY,CSE,GM,33592
,2021,PRESIDENCY,CSE,GM,33593
,2021,PRESIDENCY,CSE,GM,33594
,2021,PRESIDENCY,CSE,GM,33595
,2021,PRESIDENCY,CSE,GM,33596
,2021,PRESIDENCY,CSE,GM,33597
,2021,PRESIDENCY,CSE,GM,33598
,2021,PRESIDENCY,CSE,GM,33599
,2021,PRESIDENCY,CSE,GM,33600
,2021,PRESIDENCY,CSE,GM,33601
,2021,PRESIDENCY,CSE,GM,33602
,2021,PRESIDENCY,CSE,GM,33603
,2021,PRESIDENCY,CSE,GM,33604
,2021,PRESIDENCY,CSE,GM,33605
,2021,PRESIDENCY,CSE,GM,33606
,2021,PRESIDENCY,CSE,GM,33607
,2021,PRESIDENCY,CSE,GM,33608
,2021,PRESIDENCY,CSE,GM,33609
,2021,PRESIDENCY,CSE,GM,33610
,2021,PRESIDENCY,CSE,GM,33611
,2021,PRESIDENCY,CSE,GM,33612
,2021,PRESIDENCY,CSE,GM,33613
,2021,PRESIDENCY,CSE,GM,33614
,2021,PRESIDENCY,CSE,GM,33615
,2021,PRESIDENCY,CSE,GM,33616
,2021,PRESIDENCY,CSE,GM,33617
,2021,PRESIDENCY,CSE,GM,33618
,2021,PRESIDENCY,CSE,GM,33619
,2021,PRESIDENCY,CSE,GM,33620
,2021,PRESIDENCY,CSE,GM,33621
,2021,PRESIDENCY,CSE,GM,33589
,2021,HKBK,CSE,GM,43992
,2021,HKBK,CSE,GM,43270
,2021,HKBK,CSE,GM,43271
,2021,HKBK,CSE,GM,43272
,2021,HKBK,CSE,GM,43273
,2021,HKBK,CSE,GM,43274
,2021,HKBK,CSE,GM,43275
,2021,HKBK,CSE,GM,43276
,2021,HKBK,CSE,GM,43277
,2021,HKBK,CSE,GM,43278
,2021,HKBK,CSE,GM,43279
,2021,HKBK,CSE,GM,43280
,2021,HKBK,CSE,GM,43281
,2021,HKBK,CSE,GM,43282
,2021,HKBK,CSE,GM,43283
,2021,HKBK,CSE,GM,43284
,2021,HKBK,CSE,GM,43285
,2021,HKBK,CSE,GM,43286
,2021,HKBK,CSE,GM,43287
,2021,HKBK,CSE,GM,43288
,2021,HKBK,CSE,GM,43289
,2021,HKBK,CSE,GM,43290
,2021,HKBK,CSE,GM,43291
,2021,HKBK,CSE,GM,43292
,2021,HKBK,CSE,GM,43293
,2021,HKBK,CSE,GM,43294
,2021,HKBK,CSE,GM,43295
,2021,HKBK,CSE,GM,43296
,2021,HKBK,CSE,GM,43297
,2021,HKBK,CSE,GM,43298
,2021,HKBK,CSE,GM,43299
,2021,HKBK,CSE,GM,43300
,2021,HKBK,CSE,GM,43301
,2021,HKBK,CSE,GM,43269
,2021,CAMBRIDGE,CSE,GM,24404
,2021,CAMBRIDGE,CSE,GM,24005
,2021,CAMBRIDGE,CSE,GM,24006
,2021,CAMBRIDGE,CSE,GM,24007
,2021,CAMBRIDGE,CSE,GM,24008
,2021,CAMBRIDGE,CSE,GM,24009
,2021,CAMBRIDGE,CSE,GM,24010
,2021,CAMBRIDGE,CSE,GM,24011
,2021,CAMBRIDGE,CSE,GM,24012
,2021,CAMBRIDGE,CSE,GM,24013
,2021,CAMBRIDGE,CSE,GM,24014
,2021,CAMBRIDGE,CSE,GM,24015
,2021,CAMBRIDGE,CSE,GM,24016
,2021,CAMBRIDGE,CSE,GM,24017
,2021,CAMBRIDGE,CSE,GM,24018
,2021,CAMBRIDGE,CSE,GM,24019
,2021,CAMBRIDGE,CSE,GM,24020
,2021,CAMBRIDGE,CSE,GM,24021
,2021,CAMBRIDGE,CSE,GM,24022
,2021,CAMBRIDGE,CSE,GM,24023
,2021,CAMBRIDGE,CSE,GM,24024
,2021,CAMBRIDGE,CSE,GM,24025
,2021,CAMBRIDGE,CSE,GM,24026
,2021,CAMBRIDGE,CSE,GM,24027
,2021,CAMBRIDGE,CSE,GM,24028
,2021,CAMBRIDGE,CSE,GM,24029
,2021,CAMBRIDGE,CSE,GM,24030
,2021,CAMBRIDGE,CSE,GM,24031
,2021,CAMBRIDGE,CSE,GM,24032
,2021,CAMBRIDGE,CSE,GM,24033
,2021,CAMBRIDGE,CSE,GM,24034
,2021,CAMBRIDGE,CSE,GM,24035
,2021,CAMBRIDGE,CSE,GM,24036
,2021,CAMBRIDGE,CSE,GM,24004
,2021,GLOBAL,CSE,GM,18694
,2021,GLOBAL,CSE,GM,18257
,2021,GLOBAL,CSE,GM,18258
,2021,GLOBAL,CSE,GM,18259
,2021,GLOBAL,CSE,GM,18260
,2021,GLOBAL,CSE,GM,18261
,2021,GLOBAL,CSE,GM,18262
,2021,GLOBAL,CSE,GM,18263
,2021,GLOBAL,CSE,GM,18264
,2021,GLOBAL,CSE,GM,18265
,2021,GLOBAL,CSE,GM,18266
,2021,GLOBAL,CSE,GM,18267
,2021,GLOBAL,CSE,GM,18268
,2021,GLOBAL,CSE,GM,18269
,2021,GLOBAL,CSE,GM,18270
,2021,GLOBAL,CSE,GM,18271
,2021,GLOBAL,CSE,GM,18272
,2021,GLOBAL,CSE,GM,18273
,2021,GLOBAL,CSE,GM,18274
,2021,GLOBAL,CSE,GM,18275
,2021,GLOBAL,CSE,GM,18276
,2021,GLOBAL,CSE,GM,18277
,2021,GLOBAL,CSE,GM,18278
,2021,GLOBAL,CSE,GM,18279
,2021,GLOBAL,CSE,GM,18280
,2021,GLOBAL,CSE,GM,18281
,2021,GLOBAL,CSE,GM,18282
,2021,GLOBAL,CSE,GM,18283
,2021,GLOBAL,CSE,GM,18284
,2021,GLOBAL,CSE,GM,18285
,2021,GLOBAL,CSE,GM,18286
,2021,GLOBAL,CSE,GM,18287
,2021,GLOBAL,CSE,GM,18288
,2021,GLOBAL,CSE,GM,18256
,2021,MVJ,CSE,GM,20679
,2021,MVJ,CSE,GM,20457
,2021,MVJ,CSE,GM,20458
,2021,MVJ,CSE,GM,20459
,2021,MVJ,CSE,GM,20460
,2021,MVJ,CSE,GM,20461
,2021,MVJ,CSE,GM,20462
,2021,MVJ,CSE,GM,20463
,2021,MVJ,CSE,GM,20464
,2021,MVJ,CSE,GM,20465
,2021,MVJ,CSE,GM,20466
,2021,MVJ,CSE,GM,20467
,2021,MVJ,CSE,GM,20468
,2021,MVJ,CSE,GM,20469
,2021,MVJ,CSE,GM,20470
,2021,MVJ,CSE,GM,20471
,2021,MVJ,CSE,GM,20472
,2021,MVJ,CSE,GM,20473
,2021,MVJ,CSE,GM,20474
,2021,MVJ,CSE,GM,20475
,2021,MVJ,CSE,GM,20476
,2021,MVJ,CSE,GM,20477
,2021,MVJ,CSE,GM,20478
,2021,MVJ,CSE,GM,20479
,2021,MVJ,CSE,GM,20480
,2021,MVJ,CSE,GM,20481
,2021,MVJ,CSE,GM,20482
,2021,MVJ,CSE,GM,20483
,2021,MVJ,CSE,GM,20484
,2021,MVJ,CSE,GM,20485
,2021,MVJ,CSE,GM,20486
,2021,MVJ,CSE,GM,20487
,2021,MVJ,CSE,GM,20488
,2021,MVJ,CSE,GM,20456
,2021,AMC,CSE,GM,34953
,2021,AMC,CSE,GM,34270
,2021,AMC,CSE,GM,34271
,2021,AMC,CSE,GM,34272
,2021,AMC,CSE,GM,34273
,2021,AMC,CSE,GM,34274
,2021,AMC,CSE,GM,34275
,2021,AMC,CSE,GM,34276
,2021,AMC,CSE,GM,34277
,2021,AMC,CSE,GM,34278
,2021,AMC,CSE,GM,34279
,2021,AMC,CSE,GM,34280
,2021,AMC,CSE,GM,34281
,2021,AMC,CSE,GM,34282
,2021,AMC,CSE,GM,34283
,2021,AMC,CSE,GM,34284
,2021,AMC,CSE,GM,34285
,2021,AMC,CSE,GM,34286
,2021,AMC,CSE,GM,34287
,2021,AMC,CSE,GM,34288
,2021,AMC,CSE,GM,34289
,2021,AMC,CSE,GM,34290
,2021,AMC,CSE,GM,34291
,2021,AMC,CSE,GM,34292
,2021,AMC,CSE,GM,34293
,2021,AMC,CSE,GM,34294
,2021,AMC,CSE,GM,34295
,2021,AMC,CSE,GM,34296
,2021,AMC,CSE,GM,34297
,2021,AMC,CSE,GM,34298
,2021,AMC,CSE,GM,34299
,2021,AMC,CSE,GM,34300
,2021,AMC,CSE,GM,34301
,2021,AMC,CSE,GM,34269
,2021,KSIT,CSE,GM,24851
,2021,KSIT,CSE,GM,24852
,2021,KSIT,CSE,GM,24853
,2021,KSIT,CSE,GM,24854
,2021,KSIT,CSE,GM,24855
,2021,KSIT,CSE,GM,24856
,2021,KSIT,CSE,GM,24857
,2021,KSIT,CSE,GM,24858
,2021,KSIT,CSE,GM,24859
,2021,KSIT,CSE,GM,24860
,2021,KSIT,CSE,GM,24861
,2021,KSIT,CSE,GM,24862
,2021,KSIT,CSE,GM,24863
,2021,KSIT,CSE,GM,24864
,2021,KSIT,CSE,GM,24865
,2021,KSIT,CSE,GM,24866
,2021,KSIT,CSE,GM,24867
,2021,KSIT,CSE,GM,24868
,2021,KSIT,CSE,GM,24869
,2021,KSIT,CSE,GM,24870
,2021,KSIT,CSE,GM,24871
,2021,KSIT,CSE,GM,24872
,2021,KSIT,CSE,GM,24873
,2021,KSIT,CSE,GM,24874
,2021,KSIT,CSE,GM,24875
,2021,KSIT,CSE,GM,24876
,2021,KSIT,CSE,GM,24877
,2021,KSIT,CSE,GM,24878
,2021,KSIT,CSE,GM,24879
,2021,KSIT,CSE,GM,24880
,2021,KSIT,CSE,GM,24881
,2021,KSIT,CSE,GM,24882
,2021,KSIT,CSE,GM,25215
,2021,KSIT,CSE,GM,24850
,2021,DONBOSCO,CSE,GM,31027
,2021,DONBOSCO,CSE,GM,31028
,2021,DONBOSCO,CSE,GM,31029
,2021,DONBOSCO,CSE,GM,31030
,2021,DONBOSCO,CSE,GM,31031
,2021,DONBOSCO,CSE,GM,31032
,2021,DONBOSCO,CSE,GM,31033
,2021,DONBOSCO,CSE,GM,31034
,2021,DONBOSCO,CSE,GM,31035
,2021,DONBOSCO,CSE,GM,31036
,2021,DONBOSCO,CSE,GM,31037
,2021,DONBOSCO,CSE,GM,31038
,2021,DONBOSCO,CSE,GM,31039
,2021,DONBOSCO,CSE,GM,31040
,2021,DONBOSCO,CSE,GM,31041
,2021,DONBOSCO,CSE,GM,31042
,2021,DONBOSCO,CSE,GM,31043
,2021,DONBOSCO,CSE,GM,31044
,2021,DONBOSCO,CSE,GM,31045
,2021,DONBOSCO,CSE,GM,31046
,2021,DONBOSCO,CSE,GM,31047
,2021,DONBOSCO,CSE,GM,31048
,2021,DONBOSCO,CSE,GM,31049
,2021,DONBOSCO,CSE,GM,31050
,2021,DONBOSCO,CSE,GM,31051
,2021,DONBOSCO,CSE,GM,31052
,2021,DONBOSCO,CSE,GM,31053
,2021,DONBOSCO,CSE,GM,31054
,2021,DONBOSCO,CSE,GM,31055
,2021,DONBOSCO,CSE,GM,31056
,2021,DONBOSCO,CSE,GM,31057
,2021,DONBOSCO,CSE,GM,31058
,2021,DONBOSCO,CSE,GM,31606
,2021,DONBOSCO,CSE,GM,31026
,2022,BMSIT,CSE,GM,5440
,2022,BMSIT,CSE,GM,5041
,2022,BMSIT,CSE,GM,5042
,2022,BMSIT,CSE,GM,5043
,2022,BMSIT,CSE,GM,5044
,2022,BMSIT,CSE,GM,5045
,2022,BMSIT,CSE,GM,5046
,2022,BMSIT,CSE,GM,5047
,2022,BMSIT,CSE,GM,5048
,2022,BMSIT,CSE,GM,5049
,2022,BMSIT,CSE,GM,5050
,2022,BMSIT,CSE,GM,5051
,2022,BMSIT,CSE,GM,5052
,2022,BMSIT,CSE,GM,5053
,2022,BMSIT,CSE,GM,5054
,2022,BMSIT,CSE,GM,5055
,2022,BMSIT,CSE,GM,5056
,2022,BMSIT,CSE,GM,5057
,2022,BMSIT,CSE,GM,5058
,2022,BMSIT,CSE,GM,5059
,2022,BMSIT,CSE,GM,5060
,2022,BMSIT,CSE,GM,5061
,2022,BMSIT,CSE,GM,5062
,2022,BMSIT,CSE,GM,5063
,2022,BMSIT,CSE,GM,5064
,2022,BMSIT,CSE,GM,5065
,2022,BMSIT,CSE,GM,5066
,2022,BMSIT,CSE,GM,5067
,2022,BMSIT,CSE,GM,5068
,2022,BMSIT,CSE,GM,5069
,2022,BMSIT,CSE,GM,5070
,2022,BMSIT,CSE,GM,5071
,2022,BMSIT,CSE,GM,5040
,2022,MSRIT,CSE,GM,1536
,2022,MSRIT,CSE,GM,1537
,2022,MSRIT,CSE,GM,1538
,2022,MSRIT,CSE,GM,1539
,2022,MSRIT,CSE,GM,1540
,2022,MSRIT,CSE,GM,1541
,2022,MSRIT,CSE,GM,1542
,2022,MSRIT,CSE,GM,1543
,2022,MSRIT,CSE,GM,1544
,2022,MSRIT,CSE,GM,1545
,2022,MSRIT,CSE,GM,1546
,2022,MSRIT,CSE,GM,1547
,2022,MSRIT,CSE,GM,1548
,2022,MSRIT,CSE,GM,1549
,2022,MSRIT,CSE,GM,1550
,2022,MSRIT,CSE,GM,1551
,2022,MSRIT,CSE,GM,1552
,2022,MSRIT,CSE,GM,1553
,2022,MSRIT,CSE,GM,1554
,2022,MSRIT,CSE,GM,1555
,2022,MSRIT,CSE,GM,1556
,2022,MSRIT,CSE,GM,1557
,2022,MSRIT,CSE,GM,1558
,2022,MSRIT,CSE,GM,1559
,2022,MSRIT,CSE,GM,1560
,2022,MSRIT,CSE,GM,1561
,2022,MSRIT,CSE,GM,1562
,2022,MSRIT,CSE,GM,1563
,2022,MSRIT,CSE,GM,1564
,2022,MSRIT,CSE,GM,1565
,2022,MSRIT,CSE,GM,1566
,2022,MSRIT,CSE,GM,1567
,2022,MSRIT,CSE,GM,1735
,2022,MSRIT,CSE,GM,1535
,2022,BMSCE,CSE,GM,1099
,2022,BMSCE,CSE,GM,1100
,2022,BMSCE,CSE,GM,1101
,2022,BMSCE,CSE,GM,1102
,2022,BMSCE,CSE,GM,1103
,2022,BMSCE,CSE,GM,1104
,2022,BMSCE,CSE,GM,1105
,2022,BMSCE,CSE,GM,1106
,2022,BMSCE,CSE,GM,1107
,2022,BMSCE,CSE,GM,1108
,2022,BMSCE,CSE,GM,1109
,2022,BMSCE,CSE,GM,1110
,2022,BMSCE,CSE,GM,1111
,2022,BMSCE,CSE,GM,1112
,2022,BMSCE,CSE,GM,1113
,2022,BMSCE,CSE,GM,1114
,2022,BMSCE,CSE,GM,1115
,2022,BMSCE,CSE,GM,1116
,2022,BMSCE,CSE,GM,1117
,2022,BMSCE,CSE,GM,1118
,2022,BMSCE,CSE,GM,1119
,2022,BMSCE,CSE,GM,1120
,2022,BMSCE,CSE,GM,1121
,2022,BMSCE,CSE,GM,1122
,2022,BMSCE,CSE,GM,1123
,2022,BMSCE,CSE,GM,1124
,2022,BMSCE,CSE,GM,1125
,2022,BMSCE,CSE,GM,1126
,2022,BMSCE,CSE,GM,1127
,2022,BMSCE,CSE,GM,1128
,2022,BMSCE,CSE,GM,1129
,2022,BMSCE,CSE,GM,1130
,2022,BMSCE,CSE,GM,1197
,2022,BMSCE,CSE,GM,1098
,2022,RVCE,CSE,GM,355
,2022,RVCE,CSE,GM,356
,2022,RVCE,CSE,GM,357
,2022,RVCE,CSE,GM,358
,2022,RVCE,CSE,GM,359
,2022,RVCE,CSE,GM,360
,2022,RVCE,CSE,GM,361
,2022,RVCE,CSE,GM,362
,2022,RVCE,CSE,GM,363
,2022,RVCE,CSE,GM,364
,2022,RVCE,CSE,GM,365
,2022,RVCE,CSE,GM,366
,2022,RVCE,CSE,GM,367
,2022,RVCE,CSE,GM,368
,2022,RVCE,CSE,GM,369
,2022,RVCE,CSE,GM,370
,2022,RVCE,CSE,GM,371
,2022,RVCE,CSE,GM,372
,2022,RVCE,CSE,GM,373
,2022,RVCE,CSE,GM,374
,2022,RVCE,CSE,GM,375
,2022,RVCE,CSE,GM,376
,2022,RVCE,CSE,GM,377
,2022,RVCE,CSE,GM,378
,2022,RVCE,CSE,GM,379
,2022,RVCE,CSE,GM,380
,2022,RVCE,CSE,GM,381
,2022,RVCE,CSE,GM,382
,2022,RVCE,CSE,GM,383
,2022,RVCE,CSE,GM,384
,2022,RVCE,CSE,GM,385
,2022,RVCE,CSE,GM,386
,2022,RVCE,CSE,GM,454
,2022,RVCE,CSE,GM,354
,2022,PES RING ROAD,CSE,GM,1329
,2022,PES RING ROAD,CSE,GM,1330
,2022,PES RING ROAD,CSE,GM,1331
,2022,PES RING ROAD,CSE,GM,1332
,2022,PES RING ROAD,CSE,GM,1333
,2022,PES RING ROAD,CSE,GM,1334
,2022,PES RING ROAD,CSE,GM,1335
,2022,PES RING ROAD,CSE,GM,1336
,2022,PES RING ROAD,CSE,GM,1337
,2022,PES RING ROAD,CSE,GM,1338
,2022,PES RING ROAD,CSE,GM,1339
,2022,PES RING ROAD,CSE,GM,1340
,2022,PES RING ROAD,CSE,GM,1341
,2022,PES RING ROAD,CSE,GM,1342
,2022,PES RING ROAD,CSE,GM,1343
,2022,PES RING ROAD,CSE,GM,1344
,2022,PES RING ROAD,CSE,GM,1345
,2022,PES RING ROAD,CSE,GM,1346
,2022,PES RING ROAD,CSE,GM,1347
,2022,PES RING ROAD,CSE,GM,1348
,2022,PES RING ROAD,CSE,GM,1349
,2022,PES RING ROAD,CSE,GM,1350
,2022,PES RING ROAD,CSE,GM,1351
,2022,PES RING ROAD,CSE,GM,1352
,2022,PES RING ROAD,CSE,GM,1353
,2022,PES RING ROAD,CSE,GM,1354
,2022,PES RING ROAD,CSE,GM,1355
,2022,PES RING ROAD,CSE,GM,1356
,2022,PES RING ROAD,CSE,GM,1357
,2022,PES RING ROAD,CSE,GM,1358
,2022,PES RING ROAD,CSE,GM,1359
,2022,PES RING ROAD,CSE,GM,1360
,2022,PES RING ROAD,CSE,GM,1528
,2022,PES RING ROAD,CSE,GM,1328
,2022,DSCE,CSE,GM,4981
,2022,DSCE,CSE,GM,4784
,2022,DSCE,CSE,GM,4785
,2022,DSCE,CSE,GM,4786
,2022,DSCE,CSE,GM,4787
,2022,DSCE,CSE,GM,4788
,2022,DSCE,CSE,GM,4789
,2022,DSCE,CSE,GM,4790
,2022,DSCE,CSE,GM,4791
,2022,DSCE,CSE,GM,4792
,2022,DSCE,CSE,GM,4793
,2022,DSCE,CSE,GM,4794
,2022,DSCE,CSE,GM,4795
,2022,DSCE,CSE,GM,4796
,2022,DSCE,CSE,GM,4797
,2022,DSCE,CSE,GM,4798
,2022,DSCE,CSE,GM,4799
,2022,DSCE,CSE,GM,4800
,2022,DSCE,CSE,GM,4801
,2022,DSCE,CSE,GM,4802
,2022,DSCE,CSE,GM,4803
,2022,DSCE,CSE,GM,4804
,2022,DSCE,CSE,GM,4805
,2022,DSCE,CSE,GM,4806
,2022,DSCE,CSE,GM,4807
,2022,DSCE,CSE,GM,4808
,2022,DSCE,CSE,GM,4809
,2022,DSCE,CSE,GM,4810
,2022,DSCE,CSE,GM,4811
,2022,DSCE,CSE,GM,4812
,2022,DSCE,CSE,GM,4813
,2022,DSCE,CSE,GM,4814
,2022,DSCE,CSE,GM,4815
,2022,DSCE,CSE,GM,4783
,2022,BIT,CSE,GM,6489
,2022,BIT,CSE,GM,6260
,2022,BIT,CSE,GM,6261
,2022,BIT,CSE,GM,6262
,2022,BIT,CSE,GM,6263
,2022,BIT,CSE,GM,6264
,2022,BIT,CSE,GM,6265
,2022,BIT,CSE,GM,6266
,2022,BIT,CSE,GM,6267
,2022,BIT,CSE,GM,6268
,2022,BIT,CSE,GM,6269
,2022,BIT,CSE,GM,6270
,2022,BIT,CSE,GM,6271
,2022,BIT,CSE,GM,6272
,2022,BIT,CSE,GM,6273
,2022,BIT,CSE,GM,6274
,2022,BIT,CSE,GM,6275
,2022,BIT,CSE,GM,6276
,2022,BIT,CSE,GM,6277
,2022,BIT,CSE,GM,6278
,2022,BIT,CSE,GM,6279
,2022,BIT,CSE,GM,6280
,2022,BIT,CSE,GM,6281
,2022,BIT,CSE,GM,6282
,2022,BIT,CSE,GM,6283
,2022,BIT,CSE,GM,6284
,2022,BIT,CSE,GM,6285
,2022,BIT,CSE,GM,6286
,2022,BIT,CSE,GM,6287
,2022,BIT,CSE,GM,6288
,2022,BIT,CSE,GM,6289
,2022,BIT,CSE,GM,6290
,2022,BIT,CSE,GM,6291
,2022,BIT,CSE,GM,6259
,2022,JSSCE,CSE,GM,3674
,2022,JSSCE,CSE,GM,3475
,2022,PES ELECTRONIC CITY,CSE,GM,5417
,2022,PES ELECTRONIC CITY,CSE,GM,5418
,2022,PES ELECTRONIC CITY,CSE,GM,5419
,2022,PES ELECTRONIC CITY,CSE,GM,5420
,2022,PES ELECTRONIC CITY,CSE,GM,5421
,2022,PES ELECTRONIC CITY,CSE,GM,5422
,2022,PES ELECTRONIC CITY,CSE,GM,5423
,2022,PES ELECTRONIC CITY,CSE,GM,5424
,2022,PES ELECTRONIC CITY,CSE,GM,5425
,2022,PES ELECTRONIC CITY,CSE,GM,5426
,2022,PES ELECTRONIC CITY,CSE,GM,5427
,2022,PES ELECTRONIC CITY,CSE,GM,5428
,2022,PES ELECTRONIC CITY,CSE,GM,5429
,2022,PES ELECTRONIC CITY,CSE,GM,5430
,2022,PES ELECTRONIC CITY,CSE,GM,5431
,2022,PES ELECTRONIC CITY,CSE,GM,5432
,2022,PES ELECTRONIC CITY,CSE,GM,5433
,2022,PES ELECTRONIC CITY,CSE,GM,5434
,2022,PES ELECTRONIC CITY,CSE,GM,5435
,2022,PES ELECTRONIC CITY,CSE,GM,5436
,2022,PES ELECTRONIC CITY,CSE,GM,5437
,2022,PES ELECTRONIC CITY,CSE,GM,5438
,2022,PES ELECTRONIC CITY,CSE,GM,5439
,2022,PES ELECTRONIC CITY,CSE,GM,5440
,2022,PES ELECTRONIC CITY,CSE,GM,5441
,2022,PES ELECTRONIC CITY,CSE,GM,5442
,2022,PES ELECTRONIC CITY,CSE,GM,5443
,2022,PES ELECTRONIC CITY,CSE,GM,5444
,2022,PES ELECTRONIC CITY,CSE,GM,5445
,2022,PES ELECTRONIC CITY,CSE,GM,5446
,2022,PES ELECTRONIC CITY,CSE,GM,5447
,2022,PES ELECTRONIC CITY,CSE,GM,5448
,2022,PES ELECTRONIC CITY,CSE,GM,5612
,2022,PES ELECTRONIC CITY,CSE,GM,5416
,2022,NIE,CSE,GM,4434
,2022,NIE,CSE,GM,4335
,2022,NIE,CSE,GM,4336
,2022,NIE,CSE,GM,4337
,2022,NIE,CSE,GM,4338
,2022,NIE,CSE,GM,4339
,2022,NIE,CSE,GM,4340
,2022,NIE,CSE,GM,4341
,2022,NIE,CSE,GM,4342
,2022,NIE,CSE,GM,4343
,2022,NIE,CSE,GM,4344
,2022,NIE,CSE,GM,4345
,2022,NIE,CSE,GM,4346
,2022,NIE,CSE,GM,4347
,2022,NIE,CSE,GM,4348
,2022,NIE,CSE,GM,4349
,2022,NIE,CSE,GM,4350
,2022,NIE,CSE,GM,4351
,2022,NIE,CSE,GM,4352
,2022,NIE,CSE,GM,4353
,2022,NIE,CSE,GM,4354
,2022,NIE,CSE,GM,4355
,2022,NIE,CSE,GM,4356
,2022,NIE,CSE,GM,4357
,2022,NIE,CSE,GM,4358
,2022,NIE,CSE,GM,4359
,2022,NIE,CSE,GM,4360
,2022,NIE,CSE,GM,4361
,2022,NIE,CSE,GM,4362
,2022,NIE,CSE,GM,4363
,2022,NIE,CSE,GM,4364
,2022,NIE,CSE,GM,4365
,2022,NIE,CSE,GM,4366
,2022,NIE,CSE,GM,4334
,2022,MSRUAS,CSE,GM,15940
,2022,MSRUAS,CSE,GM,15746
,2022,MSRUAS,CSE,GM,15747
,2022,MSRUAS,CSE,GM,15748
,2022,MSRUAS,CSE,GM,15749
,2022,MSRUAS,CSE,GM,15750
,2022,MSRUAS,CSE,GM,15751
,2022,MSRUAS,CSE,GM,15752
,2022,MSRUAS,CSE,GM,15753
,2022,MSRUAS,CSE,GM,15754
,2022,MSRUAS,CSE,GM,15755
,2022,MSRUAS,CSE,GM,15756
,2022,MSRUAS,CSE,GM,15757
,2022,MSRUAS,CSE,GM,15758
,2022,MSRUAS,CSE,GM,15759
,2022,MSRUAS,CSE,GM,15760
,2022,MSRUAS,CSE,GM,15761
,2022,MSRUAS,CSE,GM,15762
,2022,MSRUAS,CSE,GM,15763
,2022,MSRUAS,CSE,GM,15764
,2022,MSRUAS,CSE,GM,15765
,2022,MSRUAS,CSE,GM,15766
,2022,MSRUAS,CSE,GM,15767
,2022,MSRUAS,CSE,GM,15768
,2022,MSRUAS,CSE,GM,15769
,2022,MSRUAS,CSE,GM,15770
,2022,MSRUAS,CSE,GM,15771
,2022,MSRUAS,CSE,GM,15772
,2022,MSRUAS,CSE,GM,15773
,2022,MSRUAS,CSE,GM,15774
,2022,MSRUAS,CSE,GM,15775
,2022,MSRUAS,CSE,GM,15776
,2022,MSRUAS,CSE,GM,15777
,2022,MSRUAS,CSE,GM,15745
,2022,DSAT KANAKAPURA,CSE,GM,15906
,2022,DSAT KANAKAPURA,CSE,GM,15907
,2022,DSAT KANAKAPURA,CSE,GM,15908
,2022,DSAT KANAKAPURA,CSE,GM,15909
,2022,DSAT KANAKAPURA,CSE,GM,15910
,2022,DSAT KANAKAPURA,CSE,GM,15911
,2022,DSAT KANAKAPURA,CSE,GM,15912
,2022,DSAT KANAKAPURA,CSE,GM,15913
,2022,DSAT KANAKAPURA,CSE,GM,15914
,2022,DSAT KANAKAPURA,CSE,GM,15915
,2022,DSAT KANAKAPURA,CSE,GM,15916
,2022,DSAT KANAKAPURA,CSE,GM,15917
,2022,DSAT KANAKAPURA,CSE,GM,15918
,2022,DSAT KANAKAPURA,CSE,GM,15919
,2022,DSAT KANAKAPURA,CSE,GM,15920
,2022,DSAT KANAKAPURA,CSE,GM,15921
,2022,DSAT KANAKAPURA,CSE,GM,15922
,2022,DSAT KANAKAPURA,CSE,GM,15923
,2022,DSAT KANAKAPURA,CSE,GM,15924
,2022,DSAT KANAKAPURA,CSE,GM,15925
,2022,DSAT KANAKAPURA,CSE,GM,15926
,2022,DSAT KANAKAPURA,CSE,GM,15927
,2022,DSAT KANAKAPURA,CSE,GM,15928
,2022,DSAT KANAKAPURA,CSE,GM,15929
,2022,DSAT KANAKAPURA,CSE,GM,15930
,2022,DSAT KANAKAPURA,CSE,GM,15931
,2022,DSAT KANAKAPURA,CSE,GM,15932
,2022,DSAT KANAKAPURA,CSE,GM,15933
,2022,DSAT KANAKAPURA,CSE,GM,15934
,2022,DSAT KANAKAPURA,CSE,GM,15935
,2022,DSAT KANAKAPURA,CSE,GM,15936
,2022,DSAT KANAKAPURA,CSE,GM,15937
,2022,DSAT KANAKAPURA,CSE,GM,16105
,2022,DSAT KANAKAPURA,CSE,GM,15905
,2022,RVIT,CSE,GM,8793
,2022,RVIT,CSE,GM,8794
,2022,RVIT,CSE,GM,8795
,2022,RVIT,CSE,GM,8796
,2022,RVIT,CSE,GM,8797
,2022,RVIT,CSE,GM,8798
,2022,RVIT,CSE,GM,8799
,2022,RVIT,CSE,GM,8800
,2022,RVIT,CSE,GM,8801
,2022,RVIT,CSE,GM,8802
,2022,RVIT,CSE,GM,8803
,2022,RVIT,CSE,GM,8804
,2022,RVIT,CSE,GM,8805
,2022,RVIT,CSE,GM,8806
,2022,RVIT,CSE,GM,8807
,2022,RVIT,CSE,GM,8808
,2022,RVIT,CSE,GM,8809
,2022,RVIT,CSE,GM,8810
,2022,RVIT,CSE,GM,8811
,2022,RVIT,CSE,GM,8812
,2022,RVIT,CSE,GM,8813
,2022,RVIT,CSE,GM,8814
,2022,RVIT,CSE,GM,8815
,2022,RVIT,CSE,GM,8816
,2022,RVIT,CSE,GM,8817
,2022,RVIT,CSE,GM,8818
,2022,RVIT,CSE,GM,8819
,2022,RVIT,CSE,GM,8820
,2022,RVIT,CSE,GM,8821
,2022,RVIT,CSE,GM,8822
,2022,RVIT,CSE,GM,8823
,2022,RVIT,CSE,GM,8824
,2022,RVIT,CSE,GM,8994
,2022,RVIT,CSE,GM,8792
,2022,AIT,CSE,GM,19124
,2022,AIT,CSE,GM,18966
,2022,AIT,CSE,GM,18967
,2022,AIT,CSE,GM,18968
,2022,AIT,CSE,GM,18969
,2022,AIT,CSE,GM,18970
,2022,AIT,CSE,GM,18971
,2022,AIT,CSE,GM,18972
,2022,AIT,CSE,GM,18973
,2022,AIT,CSE,GM,18974
,2022,AIT,CSE,GM,18975
,2022,AIT,CSE,GM,18976
,2022,AIT,CSE,GM,18977
,2022,AIT,CSE,GM,18978
,2022,AIT,CSE,GM,18979
,2022,AIT,CSE,GM,18980
,2022,AIT,CSE,GM,18981
,2022,AIT,CSE,GM,18982
,2022,AIT,CSE,GM,18983
,2022,AIT,CSE,GM,18984
,2022,AIT,CSE,GM,18985
,2022,AIT,CSE,GM,18986
,2022,AIT,CSE,GM,18987
,2022,AIT,CSE,GM,18988
,2022,AIT,CSE,GM,18989
,2022,AIT,CSE,GM,18990
,2022,AIT,CSE,GM,18991
,2022,AIT,CSE,GM,18992
,2022,AIT,CSE,GM,18993
,2022,AIT,CSE,GM,18994
,2022,AIT,CSE,GM,18995
,2022,AIT,CSE,GM,18996
,2022,AIT,CSE,GM,18997
,2022,AIT,CSE,GM,18965
,2022,RNSIT,CSE,GM,9333
,2022,RNSIT,CSE,GM,9034
,2022,RNSIT,CSE,GM,9035
,2022,RNSIT,CSE,GM,9036
,2022,RNSIT,CSE,GM,9037
,2022,RNSIT,CSE,GM,9038
,2022,RNSIT,CSE,GM,9039
,2022,RNSIT,CSE,GM,9040
,2022,RNSIT,CSE,GM,9041
,2022,RNSIT,CSE,GM,9042
,2022,RNSIT,CSE,GM,9043
,2022,RNSIT,CSE,GM,9044
,2022,RNSIT,CSE,GM,9045
,2022,RNSIT,CSE,GM,9046
,2022,RNSIT,CSE,GM,9047
,2022,RNSIT,CSE,GM,9048
,2022,RNSIT,CSE,GM,9049
,2022,RNSIT,CSE,GM,9050
,2022,RNSIT,CSE,GM,9051
,2022,RNSIT,CSE,GM,9052
,2022,RNSIT,CSE,GM,9053
,2022,RNSIT,CSE,GM,9054
,2022,RNSIT,CSE,GM,9055
,2022,RNSIT,CSE,GM,9056
,2022,RNSIT,CSE,GM,9057
,2022,RNSIT,CSE,GM,9058
,2022,RNSIT,CSE,GM,9059
,2022,RNSIT,CSE,GM,9060
,2022,RNSIT,CSE,GM,9061
,2022,RNSIT,CSE,GM,9062
,2022,RNSIT,CSE,GM,9063
,2022,RNSIT,CSE,GM,9064
,2022,RNSIT,CSE,GM,9065
,2022,RNSIT,CSE,GM,9033
,2022,REVA,CSE,GM,13597
,2022,REVA,CSE,GM,13598
,2022,REVA,CSE,GM,13599
,2022,REVA,CSE,GM,13600
,2022,REVA,CSE,GM,13601
,2022,REVA,CSE,GM,13602
,2022,REVA,CSE,GM,13603
,2022,REVA,CSE,GM,13604
,2022,REVA,CSE,GM,13605
,2022,REVA,CSE,GM,13606
,2022,REVA,CSE,GM,13607
,2022,REVA,CSE,GM,13608
,2022,REVA,CSE,GM,13609
,2022,REVA,CSE,GM,13610
,2022,REVA,CSE,GM,13611
,2022,REVA,CSE,GM,13612
,2022,REVA,CSE,GM,13613
,2022,REVA,CSE,GM,13614
,2022,REVA,CSE,GM,13615
,2022,REVA,CSE,GM,13616
,2022,REVA,CSE,GM,13617
,2022,REVA,CSE,GM,13618
,2022,REVA,CSE,GM,13619
,2022,REVA,CSE,GM,13620
,2022,REVA,CSE,GM,13621
,2022,REVA,CSE,GM,13622
,2022,REVA,CSE,GM,13623
,2022,REVA,CSE,GM,13624
,2022,REVA,CSE,GM,13625
,2022,REVA,CSE,GM,13626
,2022,REVA,CSE,GM,13627
,2022,REVA,CSE,GM,13628
,2022,REVA,CSE,GM,13831
,2022,REVA,CSE,GM,13596
,2022,OXFORD,CSE,GM,30919
,2022,OXFORD,CSE,GM,30157
,2022,OXFORD,CSE,GM,30158
,2022,OXFORD,CSE,GM,30159
,2022,OXFORD,CSE,GM,30160
,2022,OXFORD,CSE,GM,30161
,2022,OXFORD,CSE,GM,30162
,2022,OXFORD,CSE,GM,30163
,2022,OXFORD,CSE,GM,30164
,2022,OXFORD,CSE,GM,30165
,2022,OXFORD,CSE,GM,30166
,2022,OXFORD,CSE,GM,30167
,2022,OXFORD,CSE,GM,30168
,2022,OXFORD,CSE,GM,30169
,2022,OXFORD,CSE,GM,30170
,2022,OXFORD,CSE,GM,30171
,2022,OXFORD,CSE,GM,30172
,2022,OXFORD,CSE,GM,30173
,2022,OXFORD,CSE,GM,30174
,2022,OXFORD,CSE,GM,30175
,2022,OXFORD,CSE,GM,30176
,2022,OXFORD,CSE,GM,30177
,2022,OXFORD,CSE,GM,30178
,2022,OXFORD,CSE,GM,30179
,2022,OXFORD,CSE,GM,30180
,2022,OXFORD,CSE,GM,30181
,2022,OXFORD,CSE,GM,30182
,2022,OXFORD,CSE,GM,30183
,2022,OXFORD,CSE,GM,30184
,2022,OXFORD,CSE,GM,30185
,2022,OXFORD,CSE,GM,30186
,2022,OXFORD,CSE,GM,30187
,2022,OXFORD,CSE,GM,30188
,2022,OXFORD,CSE,GM,30156
,2022,DSU HOSUR,CSE,GM,24335
,2022,DSU HOSUR,CSE,GM,24104
,2022,DSU HOSUR,CSE,GM,24105
,2022,DSU HOSUR,CSE,GM,24106
,2022,DSU HOSUR,CSE,GM,24107
,2022,DSU HOSUR,CSE,GM,24108
,2022,DSU HOSUR,CSE,GM,24109
,2022,DSU HOSUR,CSE,GM,24110
,2022,DSU HOSUR,CSE,GM,24111
,2022,DSU HOSUR,CSE,GM,24112
,2022,DSU HOSUR,CSE,GM,24113
,2022,DSU HOSUR,CSE,GM,24114
,2022,DSU HOSUR,CSE,GM,24115
,2022,DSU HOSUR,CSE,GM,24116
,2022,DSU HOSUR,CSE,GM,24117
,2022,DSU HOSUR,CSE,GM,24118
,2022,DSU HOSUR,CSE,GM,24119
,2022,DSU HOSUR,CSE,GM,24120
,2022,DSU HOSUR,CSE,GM,24121
,2022,DSU HOSUR,CSE,GM,24122
,2022,DSU HOSUR,CSE,GM,24123
,2022,DSU HOSUR,CSE,GM,24124
,2022,DSU HOSUR,CSE,GM,24125
,2022,DSU HOSUR,CSE,GM,24126
,2022,DSU HOSUR,CSE,GM,24127
,2022,DSU HOSUR,CSE,GM,24128
,2022,DSU HOSUR,CSE,GM,24129
,2022,DSU HOSUR,CSE,GM,24130
,2022,DSU HOSUR,CSE,GM,24131
,2022,DSU HOSUR,CSE,GM,24132
,2022,DSU HOSUR,CSE,GM,24133
,2022,DSU HOSUR,CSE,GM,24134
,2022,DSU HOSUR,CSE,GM,24135
,2022,DSU HOSUR,CSE,GM,24103
,2022,MCE,CSE,GM,13157
,2022,MCE,CSE,GM,13158
,2022,MCE,CSE,GM,13159
,2022,MCE,CSE,GM,13160
,2022,MCE,CSE,GM,13161
,2022,MCE,CSE,GM,13162
,2022,MCE,CSE,GM,13163
,2022,MCE,CSE,GM,13164
,2022,MCE,CSE,GM,13165
,2022,MCE,CSE,GM,13166
,2022,MCE,CSE,GM,13167
,2022,MCE,CSE,GM,13168
,2022,MCE,CSE,GM,13169
,2022,MCE,CSE,GM,13170
,2022,MCE,CSE,GM,13171
,2022,MCE,CSE,GM,13172
,2022,MCE,CSE,GM,13173
,2022,MCE,CSE,GM,13174
,2022,MCE,CSE,GM,13175
,2022,MCE,CSE,GM,13176
,2022,MCE,CSE,GM,13177
,2022,MCE,CSE,GM,13178
,2022,MCE,CSE,GM,13179
,2022,MCE,CSE,GM,13180
,2022,MCE,CSE,GM,13181
,2022,MCE,CSE,GM,13182
,2022,MCE,CSE,GM,13183
,2022,MCE,CSE,GM,13184
,2022,MCE,CSE,GM,13185
,2022,MCE,CSE,GM,13186
,2022,MCE,CSE,GM,13187
,2022,MCE,CSE,GM,13188
,2022,MCE,CSE,GM,13640
,2022,MCE,CSE,GM,13156
,2022,NMIT,CSE,GM,9257
,2022,NMIT,CSE,GM,9258
,2022,NMIT,CSE,GM,9259
,2022,NMIT,CSE,GM,9260
,2022,NMIT,CSE,GM,9261
,2022,NMIT,CSE,GM,9262
,2022,NMIT,CSE,GM,9263
,2022,NMIT,CSE,GM,9264
,2022,NMIT,CSE,GM,9265
,2022,NMIT,CSE,GM,9266
,2022,NMIT,CSE,GM,9267
,2022,NMIT,CSE,GM,9268
,2022,NMIT,CSE,GM,9269
,2022,NMIT,CSE,GM,9270
,2022,NMIT,CSE,GM,9271
,2022,NMIT,CSE,GM,9272
,2022,NMIT,CSE,GM,9273
,2022,NMIT,CSE,GM,9274
,2022,NMIT,CSE,GM,9275
,2022,NMIT,CSE,GM,9276
,2022,NMIT,CSE,GM,9277
,2022,NMIT,CSE,GM,9278
,2022,NMIT,CSE,GM,9279
,2022,NMIT,CSE,GM,9280
,2022,NMIT,CSE,GM,9281
,2022,NMIT,CSE,GM,9282
,2022,NMIT,CSE,GM,9283
,2022,NMIT,CSE,GM,9284
,2022,NMIT,CSE,GM,9285
,2022,NMIT,CSE,GM,9286
,2022,NMIT,CSE,GM,9287
,2022,NMIT,CSE,GM,9288
,2022,NMIT,CSE,GM,9514
,2022,NMIT,CSE,GM,9256
,2022,SMVIT,CSE,GM,12617
,2022,SMVIT,CSE,GM,12357
,2022,SMVIT,CSE,GM,12358
,2022,SMVIT,CSE,GM,12359
,2022,SMVIT,CSE,GM,12360
,2022,SMVIT,CSE,GM,12361
,2022,SMVIT,CSE,GM,12362
,2022,SMVIT,CSE,GM,12363
,2022,SMVIT,CSE,GM,12364
,2022,SMVIT,CSE,GM,12365
,2022,SMVIT,CSE,GM,12366
,2022,SMVIT,CSE,GM,12367
,2022,SMVIT,CSE,GM,12368
,2022,SMVIT,CSE,GM,12369
,2022,SMVIT,CSE,GM,12370
,2022,SMVIT,CSE,GM,12371
,2022,SMVIT,CSE,GM,12372
,2022,SMVIT,CSE,GM,12373
,2022,SMVIT,CSE,GM,12374
,2022,SMVIT,CSE,GM,12375
,2022,SMVIT,CSE,GM,12376
,2022,SMVIT,CSE,GM,12377
,2022,SMVIT,CSE,GM,12378
,2022,SMVIT,CSE,GM,12379
,2022,SMVIT,CSE,GM,12380
,2022,SMVIT,CSE,GM,12381
,2022,SMVIT,CSE,GM,12382
,2022,SMVIT,CSE,GM,12383
,2022,SMVIT,CSE,GM,12384
,2022,SMVIT,CSE,GM,12385
,2022,SMVIT,CSE,GM,12386
,2022,SMVIT,CSE,GM,12387
,2022,SMVIT,CSE,GM,12388
,2022,SMVIT,CSE,GM,12356
,2022,CMRIT,CSE,GM,13766
,2022,CMRIT,CSE,GM,13487
,2022,CMRIT,CSE,GM,13488
,2022,CMRIT,CSE,GM,13489
,2022,CMRIT,CSE,GM,13490
,2022,CMRIT,CSE,GM,13491
,2022,CMRIT,CSE,GM,13492
,2022,CMRIT,CSE,GM,13493
,2022,CMRIT,CSE,GM,13494
,2022,CMRIT,CSE,GM,13495
,2022,CMRIT,CSE,GM,13496
,2022,CMRIT,CSE,GM,13497
,2022,CMRIT,CSE,GM,13498
,2022,CMRIT,CSE,GM,13499
,2022,CMRIT,CSE,GM,13500
,2022,CMRIT,CSE,GM,13501
,2022,CMRIT,CSE,GM,13502
,2022,CMRIT,CSE,GM,13503
,2022,CMRIT,CSE,GM,13504
,2022,CMRIT,CSE,GM,13505
,2022,CMRIT,CSE,GM,13506
,2022,CMRIT,CSE,GM,13507
,2022,CMRIT,CSE,GM,13508
,2022,CMRIT,CSE,GM,13509
,2022,CMRIT,CSE,GM,13510
,2022,CMRIT,CSE,GM,13511
,2022,CMRIT,CSE,GM,13512
,2022,CMRIT,CSE,GM,13513
,2022,CMRIT,CSE,GM,13514
,2022,CMRIT,CSE,GM,13515
,2022,CMRIT,CSE,GM,13516
,2022,CMRIT,CSE,GM,13517
,2022,CMRIT,CSE,GM,13518
,2022,CMRIT,CSE,GM,13486
,2022,PRESIDENCY,CSE,GM,35857
,2022,PRESIDENCY,CSE,GM,35858
,2022,PRESIDENCY,CSE,GM,35859
,2022,PRESIDENCY,CSE,GM,35860
,2022,PRESIDENCY,CSE,GM,35861
,2022,PRESIDENCY,CSE,GM,35862
,2022,PRESIDENCY,CSE,GM,35863
,2022,PRESIDENCY,CSE,GM,35864
,2022,PRESIDENCY,CSE,GM,35865
,2022,PRESIDENCY,CSE,GM,35866
,2022,PRESIDENCY,CSE,GM,35867
,2022,PRESIDENCY,CSE,GM,35868
,2022,PRESIDENCY,CSE,GM,35869
,2022,PRESIDENCY,CSE,GM,35870
,2022,PRESIDENCY,CSE,GM,35871
,2022,PRESIDENCY,CSE,GM,35872
,2022,PRESIDENCY,CSE,GM,35873
,2022,PRESIDENCY,CSE,GM,35874
,2022,PRESIDENCY,CSE,GM,35875
,2022,PRESIDENCY,CSE,GM,35876
,2022,PRESIDENCY,CSE,GM,35877
,2022,PRESIDENCY,CSE,GM,35878
,2022,PRESIDENCY,CSE,GM,35879
,2022,PRESIDENCY,CSE,GM,35880
,2022,PRESIDENCY,CSE,GM,35881
,2022,PRESIDENCY,CSE,GM,35882
,2022,PRESIDENCY,CSE,GM,35883
,2022,PRESIDENCY,CSE,GM,35884
,2022,PRESIDENCY,CSE,GM,35885
,2022,PRESIDENCY,CSE,GM,35886
,2022,PRESIDENCY,CSE,GM,35887
,2022,PRESIDENCY,CSE,GM,36107
,2022,PRESIDENCY,CSE,GM,35888
,2022,PRESIDENCY,CSE,GM,35856
,2022,HKBK,CSE,GM,46921
,2022,HKBK,CSE,GM,46257
,2022,HKBK,CSE,GM,46258
,2022,HKBK,CSE,GM,46259
,2022,HKBK,CSE,GM,46260
,2022,HKBK,CSE,GM,46261
,2022,HKBK,CSE,GM,46262
,2022,HKBK,CSE,GM,46263
,2022,HKBK,CSE,GM,46264
,2022,HKBK,CSE,GM,46265
,2022,HKBK,CSE,GM,46266
,2022,HKBK,CSE,GM,46267
,2022,HKBK,CSE,GM,46268
,2022,HKBK,CSE,GM,46269
,2022,HKBK,CSE,GM,46270
,2022,HKBK,CSE,GM,46271
,2022,HKBK,CSE,GM,46272
,2022,HKBK,CSE,GM,46273
,2022,HKBK,CSE,GM,46274
,2022,HKBK,CSE,GM,46275
,2022,HKBK,CSE,GM,46276
,2022,HKBK,CSE,GM,46277
,2022,HKBK,CSE,GM,46278
,2022,HKBK,CSE,GM,46279
,2022,HKBK,CSE,GM,46280
,2022,HKBK,CSE,GM,46281
,2022,HKBK,CSE,GM,46282
,2022,HKBK,CSE,GM,46283
,2022,HKBK,CSE,GM,46284
,2022,HKBK,CSE,GM,46285
,2022,HKBK,CSE,GM,46286
,2022,HKBK,CSE,GM,46287
,2022,HKBK,CSE,GM,46288
,2022,HKBK,CSE,GM,46256
,2022,CAMBRIDGE,CSE,GM,25216
,2022,CAMBRIDGE,CSE,GM,24857
,2022,CAMBRIDGE,CSE,GM,24858
,2022,CAMBRIDGE,CSE,GM,24859
,2022,CAMBRIDGE,CSE,GM,24860
,2022,CAMBRIDGE,CSE,GM,24861
,2022,CAMBRIDGE,CSE,GM,24862
,2022,CAMBRIDGE,CSE,GM,24863
,2022,CAMBRIDGE,CSE,GM,24864
,2022,CAMBRIDGE,CSE,GM,24865
,2022,CAMBRIDGE,CSE,GM,24866
,2022,CAMBRIDGE,CSE,GM,24867
,2022,CAMBRIDGE,CSE,GM,24868
,2022,CAMBRIDGE,CSE,GM,24869
,2022,CAMBRIDGE,CSE,GM,24870
,2022,CAMBRIDGE,CSE,GM,24871
,2022,CAMBRIDGE,CSE,GM,24872
,2022,CAMBRIDGE,CSE,GM,24873
,2022,CAMBRIDGE,CSE,GM,24874
,2022,CAMBRIDGE,CSE,GM,24875
,2022,CAMBRIDGE,CSE,GM,24876
,2022,CAMBRIDGE,CSE,GM,24877
,2022,CAMBRIDGE,CSE,GM,24878
,2022,CAMBRIDGE,CSE,GM,24879
,2022,CAMBRIDGE,CSE,GM,24880
,2022,CAMBRIDGE,CSE,GM,24881
,2022,CAMBRIDGE,CSE,GM,24882
,2022,CAMBRIDGE,CSE,GM,24883
,2022,CAMBRIDGE,CSE,GM,24884
,2022,CAMBRIDGE,CSE,GM,24885
,2022,CAMBRIDGE,CSE,GM,24886
,2022,CAMBRIDGE,CSE,GM,24887
,2022,CAMBRIDGE,CSE,GM,24888
,2022,CAMBRIDGE,CSE,GM,24856
,2022,GLOBAL,CSE,GM,20084
,2022,GLOBAL,CSE,GM,19786
,2022,GLOBAL,CSE,GM,19787
,2022,GLOBAL,CSE,GM,19788
,2022,GLOBAL,CSE,GM,19789
,2022,GLOBAL,CSE,GM,19790
,2022,GLOBAL,CSE,GM,19791
,2022,GLOBAL,CSE,GM,19792
,2022,GLOBAL,CSE,GM,19793
,2022,GLOBAL,CSE,GM,19794
,2022,GLOBAL,CSE,GM,19795
,2022,GLOBAL,CSE,GM,19796
,2022,GLOBAL,CSE,GM,19797
,2022,GLOBAL,CSE,GM,19798
,2022,GLOBAL,CSE,GM,19799
,2022,GLOBAL,CSE,GM,19800
,2022,GLOBAL,CSE,GM,19801
,2022,GLOBAL,CSE,GM,19802
,2022,GLOBAL,CSE,GM,19803
,2022,GLOBAL,CSE,GM,19804
,2022,GLOBAL,CSE,GM,19805
,2022,GLOBAL,CSE,GM,19806
,2022,GLOBAL,CSE,GM,19807
,2022,GLOBAL,CSE,GM,19808
,2022,GLOBAL,CSE,GM,19809
,2022,GLOBAL,CSE,GM,19810
,2022,GLOBAL,CSE,GM,19811
,2022,GLOBAL,CSE,GM,19812
,2022,GLOBAL,CSE,GM,19813
,2022,GLOBAL,CSE,GM,19814
,2022,GLOBAL,CSE,GM,19815
,2022,GLOBAL,CSE,GM,19816
,2022,GLOBAL,CSE,GM,19817
,2022,GLOBAL,CSE,GM,19785
,2022,MVJ,CSE,GM,22790
,2022,MVJ,CSE,GM,22791
,2022,MVJ,CSE,GM,22792
,2022,MVJ,CSE,GM,22793
,2022,MVJ,CSE,GM,22794
,2022,MVJ,CSE,GM,22795
,2022,MVJ,CSE,GM,22796
,2022,MVJ,CSE,GM,22797
,2022,MVJ,CSE,GM,22798
,2022,MVJ,CSE,GM,22799
,2022,MVJ,CSE,GM,22800
,2022,MVJ,CSE,GM,22801
,2022,MVJ,CSE,GM,22802
,2022,MVJ,CSE,GM,22803
,2022,MVJ,CSE,GM,22804
,2022,MVJ,CSE,GM,22805
,2022,MVJ,CSE,GM,22806
,2022,MVJ,CSE,GM,22807
,2022,MVJ,CSE,GM,22808
,2022,MVJ,CSE,GM,22809
,2022,MVJ,CSE,GM,22810
,2022,MVJ,CSE,GM,22811
,2022,MVJ,CSE,GM,22812
,2022,MVJ,CSE,GM,22813
,2022,MVJ,CSE,GM,22814
,2022,MVJ,CSE,GM,22815
,2022,MVJ,CSE,GM,22816
,2022,MVJ,CSE,GM,22817
,2022,MVJ,CSE,GM,22818
,2022,MVJ,CSE,GM,22819
,2022,MVJ,CSE,GM,22820
,2022,MVJ,CSE,GM,22821
,2022,MVJ,CSE,GM,23017
,2022,MVJ,CSE,GM,22789
,2022,AMC,CSE,GM,35120
,2022,AMC,CSE,GM,34791
,2022,AMC,CSE,GM,34792
,2022,AMC,CSE,GM,34793
,2022,AMC,CSE,GM,34794
,2022,AMC,CSE,GM,34795
,2022,AMC,CSE,GM,34796
,2022,AMC,CSE,GM,34797
,2022,AMC,CSE,GM,34798
,2022,AMC,CSE,GM,34799
,2022,AMC,CSE,GM,34800
,2022,AMC,CSE,GM,34801
,2022,AMC,CSE,GM,34802
,2022,AMC,CSE,GM,34803
,2022,AMC,CSE,GM,34804
,2022,AMC,CSE,GM,34805
,2022,AMC,CSE,GM,34806
,2022,AMC,CSE,GM,34807
,2022,AMC,CSE,GM,34808
,2022,AMC,CSE,GM,34809
,2022,AMC,CSE,GM,34810
,2022,AMC,CSE,GM,34811
,2022,AMC,CSE,GM,34812
,2022,AMC,CSE,GM,34813
,2022,AMC,CSE,GM,34814
,2022,AMC,CSE,GM,34815
,2022,AMC,CSE,GM,34816
,2022,AMC,CSE,GM,34817
,2022,AMC,CSE,GM,34818
,2022,AMC,CSE,GM,34819
,2022,AMC,CSE,GM,34820
,2022,AMC,CSE,GM,34821
,2022,AMC,CSE,GM,34822
,2022,AMC,CSE,GM,34790
,2022,KSIT,CSE,GM,27857
,2022,KSIT,CSE,GM,27858
,2022,KSIT,CSE,GM,27859
,2022,KSIT,CSE,GM,27860
,2022,KSIT,CSE,GM,27861
,2022,KSIT,CSE,GM,27862
,2022,KSIT,CSE,GM,27863
,2022,KSIT,CSE,GM,27864
,2022,KSIT,CSE,GM,27865
,2022,KSIT,CSE,GM,27866
,2022,KSIT,CSE,GM,27867
,2022,KSIT,CSE,GM,27868
,2022,KSIT,CSE,GM,27869
,2022,KSIT,CSE,GM,27870
,2022,KSIT,CSE,GM,27871
,2022,KSIT,CSE,GM,27872
,2022,KSIT,CSE,GM,27873
,2022,KSIT,CSE,GM,27874
,2022,KSIT,CSE,GM,27875
,2022,KSIT,CSE,GM,27876
,2022,KSIT,CSE,GM,27877
,2022,KSIT,CSE,GM,27878
,2022,KSIT,CSE,GM,27879
,2022,KSIT,CSE,GM,27880
,2022,KSIT,CSE,GM,27881
,2022,KSIT,CSE,GM,27882
,2022,KSIT,CSE,GM,27883
,2022,KSIT,CSE,GM,27884
,2022,KSIT,CSE,GM,27885
,2022,KSIT,CSE,GM,27886
,2022,KSIT,CSE,GM,27887
,2022,KSIT,CSE,GM,27888
,2022,KSIT,CSE,GM,28065
,2022,KSIT,CSE,GM,27856
,2022,DONBOSCO,CSE,GM,28543
,2022,DONBOSCO,CSE,GM,27950
,2023,DONBOSCO,CSE,GM,27951
,2023,DONBOSCO,CSE,GM,27952
,2023,DONBOSCO,CSE,GM,27953
,2023,DONBOSCO,CSE,GM,27954
,2023,DONBOSCO,CSE,GM,27955
,2023,DONBOSCO,CSE,GM,27956
,2023,DONBOSCO,CSE,GM,27957
,2023,DONBOSCO,CSE,GM,27958
,2023,DONBOSCO,CSE,GM,27959
,2023,DONBOSCO,CSE,GM,27960
,2023,DONBOSCO,CSE,GM,27961
,2023,DONBOSCO,CSE,GM,27962
,2023,DONBOSCO,CSE,GM,27963
,2023,DONBOSCO,CSE,GM,27964
,2023,DONBOSCO,CSE,GM,27965
,2023,DONBOSCO,CSE,GM,27966
,2023,DONBOSCO,CSE,GM,27967
,2023,DONBOSCO,CSE,GM,27968
,2023,DONBOSCO,CSE,GM,27969
,2023,DONBOSCO,CSE,GM,27970
,2023,DONBOSCO,CSE,GM,27971
,2023,DONBOSCO,CSE,GM,27972
,2023,DONBOSCO,CSE,GM,27973
,2023,DONBOSCO,CSE,GM,27974
,2023,DONBOSCO,CSE,GM,27975
,2023,DONBOSCO,CSE,GM,27976
,2023,DONBOSCO,CSE,GM,27977
,2023,DONBOSCO,CSE,GM,27978
,2023,DONBOSCO,CSE,GM,27979
,2023,DONBOSCO,CSE,GM,27980
,2023,DONBOSCO,CSE,GM,27981
,2023,DONBOSCO,CSE,GM,27982
